,coin,metric,correl
0,vechain,sentiment_balance_bitcointalk,0.06061866515553917
1,vechain,sentiment_balance_reddit,-0.13765812258296634
2,vechain,sentiment_balance_telegram,-0.024495041663831624
3,vechain,sentiment_balance_total,-0.13393471511292998
4,vechain,sentiment_balance_total_change_1d,-0.11125993182740657
5,vechain,sentiment_balance_total_change_30d,-0.4135445058306138
6,vechain,sentiment_balance_total_change_7d,0.11081948644385986
7,vechain,sentiment_balance_twitter,-0.06114852774658614
8,vechain,sentiment_negative_bitcointalk,
9,vechain,sentiment_negative_reddit,0.13986699292371788
10,vechain,sentiment_negative_telegram,0.018286429218626735
11,vechain,sentiment_negative_total,0.14787697491685114
12,vechain,sentiment_negative_twitter,0.2818445969293656
13,vechain,sentiment_positive_bitcointalk,0.06061866515553917
14,vechain,sentiment_positive_reddit,0.07013011764406193
15,vechain,sentiment_positive_telegram,-0.015316738009116926
16,vechain,sentiment_positive_total,0.09482378788262676
17,vechain,sentiment_positive_twitter,0.09024721823284823
18,vechain,sentiment_volume_consumed_bitcointalk,5.452624925130967e-05
19,vechain,sentiment_volume_consumed_reddit,0.01252563665155728
20,vechain,sentiment_volume_consumed_telegram,-0.02511909128179388
21,vechain,sentiment_volume_consumed_total,0.48524825998316773
22,vechain,sentiment_volume_consumed_total_change_1d,0.5548570506110749
23,vechain,sentiment_volume_consumed_total_change_30d,-0.1214094761778353
24,vechain,sentiment_volume_consumed_total_change_7d,-0.32558409751561146
25,vechain,sentiment_volume_consumed_twitter,-0.06868134977142187
26,vechain,social_dominance_bitcointalk,-0.08260792545991143
27,vechain,social_dominance_bitcointalk_1h_moving_average,-0.0716186458699255
28,vechain,social_dominance_bitcointalk_24h_moving_average,-0.2805748332562668
29,vechain,social_dominance_reddit,0.024422187179234573
30,vechain,social_dominance_reddit_1h_moving_average,0.015526730274468306
31,vechain,social_dominance_reddit_24h_moving_average,-0.01453625461922911
32,vechain,social_dominance_telegram,-0.06879226123971774
33,vechain,social_dominance_telegram_1h_moving_average,-0.026083887242638534
34,vechain,social_dominance_telegram_24h_moving_average,-0.08367150540197209
35,vechain,social_dominance_total,-0.012914325611050647
36,vechain,social_dominance_total_1h_moving_average,0.02060065469827226
37,vechain,social_dominance_total_1h_moving_average_change_1d,0.07362717028875784
38,vechain,social_dominance_total_1h_moving_average_change_30d,0.23175912458013279
39,vechain,social_dominance_total_1h_moving_average_change_7d,-0.0470499525026403
40,vechain,social_dominance_total_24h_moving_average,-0.005422332255909857
41,vechain,social_dominance_total_24h_moving_average_change_1d,0.14348966339841815
42,vechain,social_dominance_total_24h_moving_average_change_30d,0.4223262343767689
43,vechain,social_dominance_total_24h_moving_average_change_7d,-0.020194633381658444
44,vechain,social_dominance_total_change_1d,0.09703170043531847
45,vechain,social_dominance_total_change_30d,-0.3145264751748131
46,vechain,social_dominance_total_change_7d,-0.04870336254090362
47,vechain,social_dominance_twitter,0.050669513423501615
48,vechain,social_dominance_twitter_1h_moving_average,0.04607706462776097
49,vechain,social_dominance_twitter_24h_moving_average,0.21132784748055117
50,vechain,social_volume_bitcointalk,-0.056333329095546475
51,vechain,social_volume_reddit,0.18956829527261423
52,vechain,social_volume_telegram,0.038999038774639117
53,vechain,social_volume_total,0.17988066398813596
54,vechain,social_volume_total_change_1d,-0.012803109551281966
55,vechain,social_volume_total_change_30d,-0.393511855691902
56,vechain,social_volume_total_change_7d,0.1415850978633028
57,vechain,social_volume_twitter,0.22822763368857882
58,vechain,twitter_followers,0.4663460778219465
59,vechain,unique_social_volume_total_1h,0.09337663558123122
60,vechain,unique_social_volume_total_5m,0.09278015134250209
61,stellar,sentiment_balance_bitcointalk,0.16187611329242071
62,stellar,sentiment_balance_reddit,0.23550789179520562
63,stellar,sentiment_balance_telegram,0.11192578906517307
64,stellar,sentiment_balance_total,0.3119615221769863
65,stellar,sentiment_balance_total_change_1d,0.10553058932033164
66,stellar,sentiment_balance_total_change_30d,0.802394468020353
67,stellar,sentiment_balance_total_change_7d,0.3800512350597323
68,stellar,sentiment_balance_twitter,0.12124505799303123
69,stellar,sentiment_negative_bitcointalk,0.01367493791637868
70,stellar,sentiment_negative_reddit,0.33927760272289825
71,stellar,sentiment_negative_telegram,-0.05439999318044982
72,stellar,sentiment_negative_total,0.333410310130359
73,stellar,sentiment_negative_twitter,0.29019787560765326
74,stellar,sentiment_positive_bitcointalk,0.1611658679273382
75,stellar,sentiment_positive_reddit,0.3518513730625732
76,stellar,sentiment_positive_telegram,0.10543377371743345
77,stellar,sentiment_positive_total,0.3918888866821078
78,stellar,sentiment_positive_twitter,0.17475493391714692
79,stellar,sentiment_volume_consumed_bitcointalk,0.04327014967875699
80,stellar,sentiment_volume_consumed_reddit,0.03521593990750314
81,stellar,sentiment_volume_consumed_telegram,0.00432348465024842
82,stellar,sentiment_volume_consumed_total,0.38690310231689795
83,stellar,sentiment_volume_consumed_total_change_1d,0.026123097093284753
84,stellar,sentiment_volume_consumed_total_change_30d,-0.42078523284626995
85,stellar,sentiment_volume_consumed_total_change_7d,-0.4440161307391668
86,stellar,sentiment_volume_consumed_twitter,-0.015638167911810982
87,stellar,social_dominance_bitcointalk,0.06861215252665315
88,stellar,social_dominance_bitcointalk_1h_moving_average,0.027933986278179532
89,stellar,social_dominance_bitcointalk_24h_moving_average,0.13690657940668396
90,stellar,social_dominance_reddit,0.3331135413365022
91,stellar,social_dominance_reddit_1h_moving_average,0.274738874311895
92,stellar,social_dominance_reddit_24h_moving_average,0.39822073697985283
93,stellar,social_dominance_telegram,0.10171262333635213
94,stellar,social_dominance_telegram_1h_moving_average,0.1801630053117536
95,stellar,social_dominance_telegram_24h_moving_average,0.12018262034897825
96,stellar,social_dominance_total,0.30442055445061256
97,stellar,social_dominance_total_1h_moving_average,0.2411584298673475
98,stellar,social_dominance_total_1h_moving_average_change_1d,0.16514319130233332
99,stellar,social_dominance_total_1h_moving_average_change_30d,0.2739993209615041
100,stellar,social_dominance_total_1h_moving_average_change_7d,0.11210667290495419
101,stellar,social_dominance_total_24h_moving_average,0.4064942037262935
102,stellar,social_dominance_total_24h_moving_average_change_1d,0.29953245991240895
103,stellar,social_dominance_total_24h_moving_average_change_30d,0.36844661923998007
104,stellar,social_dominance_total_24h_moving_average_change_7d,0.1972249087820978
105,stellar,social_dominance_total_change_1d,0.27642209364333314
106,stellar,social_dominance_total_change_30d,0.37020076409608543
107,stellar,social_dominance_total_change_7d,0.5645315295706992
108,stellar,social_dominance_twitter,0.148841943151694
109,stellar,social_dominance_twitter_1h_moving_average,-0.009487600745664609
110,stellar,social_dominance_twitter_24h_moving_average,0.34628205284395214
111,stellar,social_volume_bitcointalk,0.16872885728345982
112,stellar,social_volume_reddit,0.3874305854329652
113,stellar,social_volume_telegram,0.19904786551003786
114,stellar,social_volume_total,0.41160102841286905
115,stellar,social_volume_total_change_1d,0.26466731470810884
116,stellar,social_volume_total_change_30d,-0.42289247582833855
117,stellar,social_volume_total_change_7d,0.6350989461987571
118,stellar,social_volume_twitter,0.20583420449699308
119,stellar,twitter_followers,0.8317265336577082
120,stellar,unique_social_volume_total_1h,0.258609149576739
121,stellar,unique_social_volume_total_5m,0.2488928291689889
